Bulbasaur,https://36.media.tumblr.com/49838552cee105079723af351790ea8f/tumblr_ngqwacN4eQ1u650quo10_250.jpg
Ivysaur,https://36.media.tumblr.com/b0434d1cbbf6bb3baeb68fc9651be071/tumblr_ngqwgtiIpG1u650quo6_250.jpg
Venusaur,https://36.media.tumblr.com/c209322b28951dddc98c782ec6299664/tumblr_ngqwlgAskc1u650quo7_250.jpg
Charmander,https://36.media.tumblr.com/323942220f7167b491e1738b1eba4275/tumblr_ngqwebas2r1u650quo5_250.jpg
Charmeleon,https://36.media.tumblr.com/5131a6adc672768a3f902e43d2689880/tumblr_ngqwebas2r1u650quo6_250.jpg
Charizard,https://36.media.tumblr.com/a05d6b1eebec0edd4643173d06e87bfb/tumblr_ngqwebas2r1u650quo4_250.jpg
Squirtle,https://36.media.tumblr.com/a3a90a0770d4fead3a47a43ca799b3d1/tumblr_ngqwkxKuC31u650quo7_250.jpg
Wartortle,https://36.media.tumblr.com/103241f7730416b4d28b966e7ae2210a/tumblr_ngqwmcX6Dq1u650quo2_250.jpg
Blastoise,https://36.media.tumblr.com/f66e3b1b1be6eeb6d9f826a83f0124b3/tumblr_ngqwacN4eQ1u650quo9_250.jpg
Caterpie,https://36.media.tumblr.com/44d050884f8160da4404492484e4f53e/tumblr_ngqwebas2r1u650quo2_250.jpg
Metapod,https://36.media.tumblr.com/c23131ea1188b1946b3dce2d67ebf137/tumblr_ngqwi9m5Zf1u650quo10_250.jpg
Butterfree,https://36.media.tumblr.com/aa0e2de851049a846a589f38403c2a80/tumblr_ngqwebas2r1u650quo1_250.jpg
Weedle,https://36.media.tumblr.com/45ed80ef1c909b62eb5045cbc3093817/tumblr_ngqwmcX6Dq1u650quo3_250.jpg
Kakuna,https://36.media.tumblr.com/2974a58ce25f748af7ada78f992c2288/tumblr_ngqwhjtx971u650quo3_250.jpg
Beedrill,https://36.media.tumblr.com/127f9ed650f92fba38bdee0089c95f2d/tumblr_ngqwacN4eQ1u650quo7_250.jpg
Pidgey,https://36.media.tumblr.com/db57d76820c9b04a450b8544ea1e9aca/tumblr_ngqwjb0PTQ1u650quo10_250.jpg
Pidgeotto,https://36.media.tumblr.com/bb8ef81818bef985af69bb47814774df/tumblr_ngqwjb0PTQ1u650quo9_250.jpg
Pidgeot,https://36.media.tumblr.com/460503a71f7b0c83ca9ae6488e28db3b/tumblr_ngqwjb0PTQ1u650quo8_250.jpg
Rattata,https://36.media.tumblr.com/39a36e86c9d2a44e3c70d86ba94830c8/tumblr_ngqwkfEo7n1u650quo3_250.jpg
Raticate,https://36.media.tumblr.com/5f633eaaeee4ed47b515c569fd0313da/tumblr_ngqwkfEo7n1u650quo2_250.jpg
Spearow,https://36.media.tumblr.com/c3bda7caf92cbb8b119742595ead7820/tumblr_ngqwkxKuC31u650quo6_250.jpg
Fearow,https://36.media.tumblr.com/06ad23276a27ebb4399ad8d0e311ba38/tumblr_ngqwfkRLkL1u650quo7_250.jpg
Ekans,https://36.media.tumblr.com/4bb24ca72fff2cc7fdb98a2747721f1d/tumblr_ngqwfkRLkL1u650quo2_250.jpg
Arbok,https://36.media.tumblr.com/617340267c37433d31f56669b05f9b98/tumblr_ngqwacN4eQ1u650quo4_250.jpg
Pikachu,https://36.media.tumblr.com/1a383b73a609acd98c8395bd0b24d9ee/tumblr_ngqwjw0Yjp1u650quo1_400.jpg
Raichu,https://36.media.tumblr.com/a090c74fb4c0485eb2a713c5df17d1d5/tumblr_ngqwjw0Yjp1u650quo10_250.jpg
Sandshrew,https://36.media.tumblr.com/9eef0eadb1c400b69c59d2866a5737aa/tumblr_ngqwkfEo7n1u650quo6_250.jpg
Sandslash,https://36.media.tumblr.com/e100e1b6d76076777ee6f536b6f68abf/tumblr_ngqwkfEo7n1u650quo7_250.jpg
Nidoran,https://36.media.tumblr.com/1b1371ae0ff81ece6a9be191d5314252/tumblr_ngqzbtxtg21u650quo2_250.jpg
Nidorina,https://36.media.tumblr.com/5fb4fc8a2d739ce9ab7d9b735a678ae0/tumblr_ngqwiqs1RW1u650quo8_250.jpg
Nidoqueen,https://36.media.tumblr.com/df23cf3f36b7ce193887728609048c02/tumblr_ngqwiqs1RW1u650quo7_250.jpg
Nidoran,https://36.media.tumblr.com/ab5fd62772dd39492cc3e743ceb8c1f7/tumblr_ngqzbtxtg21u650quo3_250.jpg
Nidorino,https://36.media.tumblr.com/8a8e0e7413006d347b34b4e8999cacac/tumblr_ngqwiqs1RW1u650quo9_250.jpg
Nidoking,https://36.media.tumblr.com/3e24eac8b1fe6444a1444fa24e199dd6/tumblr_ngqwiqs1RW1u650quo6_250.jpg
Clefairy,https://36.media.tumblr.com/4e69be961d5d1c44ba83b2f540efdb97/tumblr_ngqwebas2r1u650quo8_250.jpg
Clefable,https://36.media.tumblr.com/cf6467ec51fa87e89891501d1e671dbe/tumblr_ngqwebas2r1u650quo7_250.jpg
Vulpix,https://36.media.tumblr.com/35afab2eb2586511db68052b168e21dc/tumblr_ngqwmcX6Dq1u650quo1_250.jpg
Ninetales,https://36.media.tumblr.com/0cc06b452826c92b9fe3ca3a46e51a8d/tumblr_ngqwiqs1RW1u650quo10_250.jpg
Jigglypuff,https://36.media.tumblr.com/b4e13d8adc39a72b7820c6057f544462/tumblr_ngqwgtiIpG1u650quo7_250.jpg
Wigglytuff,https://36.media.tumblr.com/392125d699cca350ff073066d0cd046d/tumblr_ngqwmcX6Dq1u650quo6_250.jpg
Zubat,https://36.media.tumblr.com/1e6d0201d8fbf7e11e975a19a99c1041/tumblr_ngqwmcX6Dq1u650quo8_250.jpg
Golbat,https://36.media.tumblr.com/2bdba1040a567c7c330066d0f54e06df/tumblr_ngqwg3ASum1u650quo3_250.jpg
Oddish,https://36.media.tumblr.com/e375a1dc4c3f05711a7c81d30a1929ac/tumblr_ngqwjb0PTQ1u650quo1_250.jpg
Gloom,https://36.media.tumblr.com/717b7798cc1fbfccc06facf56454840b/tumblr_ngqwg3ASum1u650quo2_250.jpg
Vileplume,https://36.media.tumblr.com/2d97fc99c5eb065b23c8a7cd8a55b285/tumblr_ngqwlgAskc1u650quo9_250.jpg
Paras,https://36.media.tumblr.com/e2bf622ec2cf87fb412b1eb447cb32e2/tumblr_ngqwjb0PTQ1u650quo5_250.jpg
Parasect,https://36.media.tumblr.com/57d7fd29ad9986d63c148b625d365d27/tumblr_ngqwjb0PTQ1u650quo6_250.jpg
Venonat,https://36.media.tumblr.com/966f934453b30f985e3ae5bfcd6b6bb1/tumblr_ngqwlgAskc1u650quo6_250.jpg
Venomoth,https://36.media.tumblr.com/0e2cb7ebc02321fb1b3f7ae047678f1a/tumblr_ngqwlgAskc1u650quo5_250.jpg
Diglett,https://36.media.tumblr.com/024b2c433805ef2f1ccf77e97e50fb6c/tumblr_ngqwex8Olh1u650quo2_250.jpg
Dugtrio,https://36.media.tumblr.com/a5096325f8fe3f19922b473c937e8ea8/tumblr_ngqwex8Olh1u650quo10_250.jpg
Meowth,https://36.media.tumblr.com/18e6d4dd8ade65ef68933d1bc4a2e3b0/tumblr_ngqwi9m5Zf1u650quo9_250.jpg
Persian,https://36.media.tumblr.com/3f844e605ef9739769b45138e7f5a8d3/tumblr_ngqwjb0PTQ1u650quo7_250.jpg
Psyduck,https://36.media.tumblr.com/3c7017aa54ee183040448f1b838c8b09/tumblr_ngqwjw0Yjp1u650quo9_250.jpg
Golduck,https://36.media.tumblr.com/41245ff021b3ef749378334996ac8247/tumblr_ngqwg3ASum1u650quo5_250.jpg
Mankey,https://36.media.tumblr.com/210225d8bf3cb7908507e5a14421f66d/tumblr_ngqwi9m5Zf1u650quo7_250.jpg
Primeape,https://36.media.tumblr.com/efcbb0d7182b5a3f00a84da19b10411a/tumblr_ngqwjw0Yjp1u650quo8_250.jpg
Growlithe,https://36.media.tumblr.com/00acce61e5cea0882caee4b620abe2b7/tumblr_ngqwg3ASum1u650quo9_250.jpg
Arcanine,https://36.media.tumblr.com/a93927b36ae9c05d1c9f4e75a5e7cfbc/tumblr_ngqwacN4eQ1u650quo5_250.jpg
Poliwag,https://36.media.tumblr.com/7c18edbe1a5f79ef743f6b24f20abe63/tumblr_ngqwjw0Yjp1u650quo3_250.jpg
Poliwhirl,https://36.media.tumblr.com/3a902ea7f23db03611ac723eb87c2e4a/tumblr_ngqwjw0Yjp1u650quo4_250.jpg
Poliwrath,https://36.media.tumblr.com/5b31179821940b568fbeb0d593a70eb4/tumblr_ngqwjw0Yjp1u650quo5_250.jpg
Abra,https://36.media.tumblr.com/192f871e9cbfdd886b85c0889cb58cbf/tumblr_ngqwacN4eQ1u650quo1_250.jpg
Kadabra,https://36.media.tumblr.com/7793f9eb5cabe6968c1fb58777fab822/tumblr_ngqwhjtx971u650quo2_250.jpg
Alakazam,https://36.media.tumblr.com/051f0534a42ba709589f0a5929dab08e/tumblr_ngqwacN4eQ1u650quo3_250.jpg
Machop,https://36.media.tumblr.com/113c4cc12c5bb617171ab6acf1a6474e/tumblr_ngqwi9m5Zf1u650quo2_250.jpg
Machoke,https://36.media.tumblr.com/c88e1251c4b6c1a688d1c03a8545462c/tumblr_ngqwi9m5Zf1u650quo1_250.jpg
Machamp,https://36.media.tumblr.com/daf3193d6a7a2625c853f861534597ce/tumblr_ngqwhjtx971u650quo10_250.jpg
Bellsprout,https://36.media.tumblr.com/120b6a839460f7f573e0cde49afa1d29/tumblr_ngqwacN4eQ1u650quo8_250.jpg
Weepinbell,https://36.media.tumblr.com/a2f1fa2011f1bc632980239ffe20c5e6/tumblr_ngqwmcX6Dq1u650quo4_250.jpg
Victreebel,https://36.media.tumblr.com/7bea9d3d6c9b894067a828748db53158/tumblr_ngqwlgAskc1u650quo8_250.jpg
Tentacool,https://36.media.tumblr.com/0e9be1ea1d5af5d19cb5d71c6265f355/tumblr_ngqwlgAskc1u650quo2_250.jpg
Tentacruel,https://36.media.tumblr.com/c9eb23d66af203a71f21a1e4456b139f/tumblr_ngqwlgAskc1u650quo3_250.jpg
Geodude,https://36.media.tumblr.com/ee0b13d20e73f057164ae032d07dead3/tumblr_ngqwg3ASum1u650quo1_400.jpg
Graveler,https://36.media.tumblr.com/6d8588b10a33e95ea17dd12c411515ec/tumblr_ngqwg3ASum1u650quo7_250.jpg
Golem,https://36.media.tumblr.com/949c3abba22e700976a6c7ac4116d3e3/tumblr_ngqwg3ASum1u650quo6_250.jpg
Ponyta,https://36.media.tumblr.com/860a69e3b72f02cc8268ff766768c794/tumblr_ngqwjw0Yjp1u650quo6_250.jpg
Rapidash,https://36.media.tumblr.com/57fd4d6f8fcb311be99f95cc564cc8a1/tumblr_ngqwkfEo7n1u650quo1_400.jpg
Slowpoke,https://36.media.tumblr.com/dcabb4610700455827eb5ef924eb6dcc/tumblr_ngqwkxKuC31u650quo3_250.jpg
Slowbro,https://36.media.tumblr.com/74be0307fe2ecfc4089790ca84b77375/tumblr_ngqwkxKuC31u650quo4_250.jpg
Magnemite,https://36.media.tumblr.com/0065c33e3d3ce14f574cee27e7271c22/tumblr_ngqwi9m5Zf1u650quo5_250.jpg
Magneton,https://36.media.tumblr.com/efbb4aa652073d4bdcfb5e2d98a3b981/tumblr_ngqwi9m5Zf1u650quo6_250.jpg
Farfetch'd,https://36.media.tumblr.com/6f504a61d67bfca82b895cee80a51a5e/tumblr_ngqzbtxtg21u650quo1_400.jpg
Doduo,https://36.media.tumblr.com/e0b831585a605ce504fccbe62028258b/tumblr_ngqwex8Olh1u650quo5_250.jpg
Dodrio,https://36.media.tumblr.com/5c534fe0b0aaf18975ec46ecc3d6417c/tumblr_ngqwex8Olh1u650quo4_250.jpg
Seel,https://36.media.tumblr.com/47c4b1235a935f3b2e2c27d3fa343939/tumblr_ngqwkxKuC31u650quo1_250.jpg
Dewgong,https://36.media.tumblr.com/842c0a2a84094e9256e0c00f2fee7fda/tumblr_ngqwex8Olh1u650quo1_250.jpg
Grimer,https://36.media.tumblr.com/894c2f298b6227f8f629b4c8893334ab/tumblr_ngqwg3ASum1u650quo8_250.jpg
Muk,https://36.media.tumblr.com/c3b39db0d8814002434ca4c670916ff1/tumblr_ngqwiqs1RW1u650quo5_250.jpg
Shellder,https://36.media.tumblr.com/e48cab54984740e401e3debe849f99a4/tumblr_ngqwkxKuC31u650quo2_250.jpg
Cloyster,https://36.media.tumblr.com/6d6e4771631f17d85f7f01167a4ee3c7/tumblr_ngqwebas2r1u650quo9_250.jpg
Gastly,https://36.media.tumblr.com/47e0dc3df5f102f233bb222bb2c9d0b7/tumblr_ngqwfkRLkL1u650quo9_250.jpg
Haunter,https://36.media.tumblr.com/e5d096071bb6afd4f68d2a4317f0f780/tumblr_ngqwgtiIpG1u650quo1_250.jpg
Gengar,https://36.media.tumblr.com/d5669809ac6b07873db4681cdd663325/tumblr_ngqwfkRLkL1u650quo10_250.jpg
Onix,https://36.media.tumblr.com/23cafff28f22785f8da2f8efa5ee35fb/tumblr_ngqwjb0PTQ1u650quo4_250.jpg
Drowzee,https://36.media.tumblr.com/5a0a13b540dac3187d32e2b32d1b99ca/tumblr_ngqwex8Olh1u650quo9_250.jpg
Hypno,https://36.media.tumblr.com/df5f9788e4682f4972bf5ca1a28f9ea2/tumblr_ngqwgtiIpG1u650quo5_250.jpg
Krabby,https://36.media.tumblr.com/09fe8171e591c373eecb056d634e32e6/tumblr_ngqwhjtx971u650quo7_250.jpg
Kingler,https://36.media.tumblr.com/eb434c22e5c4cb8be3ec5d06aa15ea43/tumblr_ngqwhjtx971u650quo5_250.jpg
Voltorb,https://36.media.tumblr.com/590f0f87ede5b380cbb7585470333396/tumblr_ngqwlgAskc1u650quo10_250.jpg
Electrode,https://36.media.tumblr.com/ee8f49373d611fd83cc1759fcbdcde98/tumblr_ngqwfkRLkL1u650quo4_250.jpg
Exeggcute,https://36.media.tumblr.com/532c86ab8ec8f253eae284cd35021cd0/tumblr_ngqwfkRLkL1u650quo5_250.jpg
Exeggutor,https://36.media.tumblr.com/9b9b003b3a7bf7886c3a3bc5028273b4/tumblr_ngqwfkRLkL1u650quo6_250.jpg
Cubone,https://36.media.tumblr.com/54bf15966dde0c5a3ade8f76d547e4e3/tumblr_ngqwebas2r1u650quo10_250.jpg
Marowak,https://36.media.tumblr.com/5d1b9e8e0d261c10313902db770aeaf8/tumblr_ngqwi9m5Zf1u650quo8_250.jpg
Hitmonlee,https://36.media.tumblr.com/3826b4903b32254da4d694a0f5423070/tumblr_ngqwgtiIpG1u650quo3_250.jpg
Hitmonchan,https://36.media.tumblr.com/1bc680c6ddcb242087a46319c7a9794e/tumblr_ngqwgtiIpG1u650quo2_250.jpg
Lickitung,https://36.media.tumblr.com/6a0615fe3a6826e57742940c3dc6c29e/tumblr_ngqwhjtx971u650quo9_250.jpg
Koffing,https://36.media.tumblr.com/ff4337d022051fe02aa827ede82ae945/tumblr_ngqwhjtx971u650quo6_250.jpg
Weezing,https://36.media.tumblr.com/cc501daf9fb633af52da64a075bc4aaf/tumblr_ngqwmcX6Dq1u650quo5_250.jpg
Rhyhorn,https://36.media.tumblr.com/859f7c99fbb80bb36cda92432194ea32/tumblr_ngqwkfEo7n1u650quo5_250.jpg
Rhydon,https://36.media.tumblr.com/6bc3667a68f405ea620ee382a19b8f63/tumblr_ngqwkfEo7n1u650quo4_250.jpg
Chansey,https://36.media.tumblr.com/afd0aba73175c00a06b5721233814f2f/tumblr_ngqwebas2r1u650quo3_250.jpg
Tangela,https://36.media.tumblr.com/da1f2d5e0ddc415f00526f4d8d456ff0/tumblr_ngqwkxKuC31u650quo10_250.jpg
Kangaskhan,https://36.media.tumblr.com/5fc2095be3e73f5f56b2561a98974218/tumblr_ngqwhjtx971u650quo4_250.jpg
Horsea,https://36.media.tumblr.com/6f81167581fea8b1ef55086c328dc6d0/tumblr_ngqwgtiIpG1u650quo4_250.jpg
Seadra,https://36.media.tumblr.com/07b8e7d4bda0fc807777ed7cad1ae598/tumblr_ngqwkfEo7n1u650quo9_250.jpg
Goldeen,https://36.media.tumblr.com/47abb6264bbdf7381579d4fc21594a48/tumblr_ngqwg3ASum1u650quo4_250.jpg
Seaking,https://36.media.tumblr.com/df1b59f5e37f85011f79d804e4e15295/tumblr_ngqwkfEo7n1u650quo10_250.jpg
Staryu,https://36.media.tumblr.com/fed6bac1a3e9a7f1cfa06f0b64d3284c/tumblr_ngqwkxKuC31u650quo9_250.jpg
Starmie,https://36.media.tumblr.com/6355c8594b94be55ff9f011d2c7a434c/tumblr_ngqwkxKuC31u650quo8_250.jpg
Mr. Mime,https://36.media.tumblr.com/5c945f5a630738b267bfc1f199b70485/tumblr_ngqwiqs1RW1u650quo4_250.jpg
Scyther,https://36.media.tumblr.com/509c9afcf7857683f7d1e703acff56b5/tumblr_ngqwkfEo7n1u650quo8_250.jpg
Jynx,https://36.media.tumblr.com/42650c19bec0395b0722c22fe54731a4/tumblr_ngqwgtiIpG1u650quo9_250.jpg
Electabuzz,https://36.media.tumblr.com/14be1e81195a1c1299d0c56e86b7ae70/tumblr_ngqwfkRLkL1u650quo3_250.jpg
Magmar,https://36.media.tumblr.com/76c46c2e392b2acacd49cae7bc2bf4fe/tumblr_ngqwi9m5Zf1u650quo4_250.jpg
Pinsir,https://36.media.tumblr.com/4f5fdadf88214e2ebfc9c52d7a04ea75/tumblr_ngqwjw0Yjp1u650quo2_250.jpg
Tauros,https://36.media.tumblr.com/8445e1b3b6bed02678bee247f0f39a68/tumblr_ngqwlgAskc1u650quo1_250.jpg
Magikarp,https://36.media.tumblr.com/5a9ffc09d7d4d8cdf2ca1aec225fb97c/tumblr_ngqwi9m5Zf1u650quo3_250.jpg
Gyarados,https://36.media.tumblr.com/f0689844fe65b90c1727b174c0494eb6/tumblr_ngqwg3ASum1u650quo10_250.jpg
Lapras,https://36.media.tumblr.com/c9cc0a1e01699dd7b0d0294d7f768289/tumblr_ngqwhjtx971u650quo8_250.jpg
Ditto,https://36.media.tumblr.com/0d10feec19d8f318c936840598665daf/tumblr_ngqwex8Olh1u650quo3_250.jpg
Eevee,https://36.media.tumblr.com/b5e18b6bc9ff8e3b465b497963e268b3/tumblr_ngqwfkRLkL1u650quo1_250.jpg
Vaporeon,https://36.media.tumblr.com/ee2e50128b7105a9a4159c2a142a59b6/tumblr_ngqwlgAskc1u650quo4_250.jpg
Jolteon,https://36.media.tumblr.com/ac8b11f39d83d81f2f44b916a20677af/tumblr_ngqwgtiIpG1u650quo8_250.jpg
Flareon,https://36.media.tumblr.com/4c18a6f3bc0fad23f17e87b1c7e9b594/tumblr_ngqwfkRLkL1u650quo8_250.jpg
Porygon,https://36.media.tumblr.com/12731d2337a27ec27cf59a0462e6bcd5/tumblr_ngqwjw0Yjp1u650quo7_250.jpg
Omanyte,https://36.media.tumblr.com/ac0da98dfa13f6189265393f275f8bb7/tumblr_ngqwjb0PTQ1u650quo2_250.jpg
Omastar,https://36.media.tumblr.com/b33d53e704679db47279aaad92cba225/tumblr_ngqwjb0PTQ1u650quo3_250.jpg
Kabuto,https://36.media.tumblr.com/75e43597f34eaccaa72e46a0967790f1/tumblr_ngqwgtiIpG1u650quo10_250.jpg
Kabutops,https://36.media.tumblr.com/2b634e8debeb63887343e16a02a938b9/tumblr_ngqwhjtx971u650quo1_250.jpg
Aerodactyl,https://36.media.tumblr.com/73b0aa1123bbfd42fba6c8c82d721b95/tumblr_ngqwacN4eQ1u650quo2_250.jpg
Snorlax,https://36.media.tumblr.com/12e5c36a4f3b96636f60cda2ab493d94/tumblr_ngqwkxKuC31u650quo5_250.jpg
Articuno,https://36.media.tumblr.com/33f3b60b65009dc207adf78f3a38bfa7/tumblr_ngqwacN4eQ1u650quo6_250.jpg
Zapdos,https://36.media.tumblr.com/c55e8a04a5651fd410feabecb80f22e6/tumblr_ngqwmcX6Dq1u650quo7_250.jpg
Moltres,https://36.media.tumblr.com/5faec1fc89b534259f9eb13c2eb4cf9f/tumblr_ngqwiqs1RW1u650quo3_250.jpg
Dratini,https://36.media.tumblr.com/cd9f2d99e913821f58bd0c0574d33985/tumblr_ngqwex8Olh1u650quo8_250.jpg
Dragonair,https://36.media.tumblr.com/29f8b17bf6ec86ae52c98bd28e17c9ce/tumblr_ngqwex8Olh1u650quo6_250.jpg
Dragonite,https://36.media.tumblr.com/631b7eb2db8b7a63db6312baa6114773/tumblr_ngqwex8Olh1u650quo7_250.jpg
Mewtwo,https://36.media.tumblr.com/35c3dc73eb36796db1916ee974584d1b/tumblr_ngqwiqs1RW1u650quo2_250.jpg
Mew,https://36.media.tumblr.com/fb446eef0f8b5f82f76f4fa9c0b7a662/tumblr_ngqwiqs1RW1u650quo1_400.jpg
